result,chromosome,gene,category,surveillance,wildtype,position,mutation,mutation_frequency,coverage,sample,project
54,hxb2_pol,PR,PIMinor,No,L,10,I,83.78,30546,SRR4089862,PRJNA340290
55,hxb2_pol,PR,Other,No,K,20,R,9.19,43900,SRR4089862,PRJNA340290
56,hxb2_pol,PR,PIMinor,No,A,71,T,3.03,71208,SRR4089862,PRJNA340290
57,hxb2_pol,RT,NNRTI,No,E,138,A,99.15,45761,SRR4089862,PRJNA340290
60,hxb2_pol,PR,Other,No,V,82,I,3.05,40136,SRR4089864,PRJNA340290
61,hxb2_pol,RT,NRTI,Yes,M,41,L,99.24,18072,SRR4089864,PRJNA340290
62,hxb2_pol,RT,NNRTI,No,V,90,I,9.32,18838,SRR4089864,PRJNA340290
63,hxb2_pol,RT,NNRTI,No,K,103,E,1.13,22749,SRR4089864,PRJNA340290
64,hxb2_pol,RT,Other,No,V,179,I,91.44,42131,SRR4089864,PRJNA340290
65,hxb2_pol,RT,NNRTI,Yes,Y,181,C,1.37,45310,SRR4089864,PRJNA340290
66,hxb2_pol,RT,Other,No,K,238,R,99.05,50811,SRR4089864,PRJNA340290
73,hxb2_pol,PR,PIMajor,Yes,I,50,V,1.55,63767,SRR4089867,PRJNA340290
74,hxb2_pol,PR,PIMinor,No,Q,58,E,38.38,70468,SRR4089867,PRJNA340290
75,hxb2_pol,PR,PIMinor,No,A,71,T,98.99,65157,SRR4089867,PRJNA340290
76,hxb2_pol,RT,NRTI,Yes,K,70,E,3.42,26304,SRR4089867,PRJNA340290
77,hxb2_pol,RT,NNRTI,No,V,106,I,2.02,33146,SRR4089867,PRJNA340290
78,hxb2_pol,RT,NNRTI,Yes,G,190,E,1.02,47962,SRR4089867,PRJNA340290
93,hxb2_pol,PR,PIMinor,No,L,10,I,87.53,43071,SRR4089895,PRJNA340290
94,hxb2_pol,PR,PIMinor,No,V,11,I,5.74,43380,SRR4089895,PRJNA340290
95,hxb2_pol,PR,PIMajor,Yes,I,50,V,1.01,33213,SRR4089895,PRJNA340290
96,hxb2_pol,RT,NRTI,No,T,69,N,32.55,48424,SRR4089895,PRJNA340290
97,hxb2_pol,RT,NNRTI,No,V,90,I,11.88,46570,SRR4089895,PRJNA340290
98,hxb2_pol,RT,NNRTI,No,V,179,D,39.05,69126,SRR4089895,PRJNA340290
99,hxb2_pol,RT,NRTI,No,T,215,A,1.09,74280,SRR4089895,PRJNA340290
100,hxb2_pol,PR,PIMinor,No,A,71,V,1.12,63085,SRR4089896,PRJNA340290
101,hxb2_pol,RT,NRTI,Yes,D,67,G,1.21,61253,SRR4089896,PRJNA340290
102,hxb2_pol,RT,Other,No,T,69,A,7.43,63435,SRR4089896,PRJNA340290
103,hxb2_pol,RT,NNRTI,No,V,90,I,85.49,60939,SRR4089896,PRJNA340290
104,hxb2_pol,RT,NNRTI,No,E,138,A,99.35,57320,SRR4089896,PRJNA340290
105,hxb2_pol,RT,NNRTI,No,V,179,D,1.26,50249,SRR4089896,PRJNA340290
106,hxb2_pol,RT,Other,No,V,179,I,17.28,50249,SRR4089896,PRJNA340290